{
  "true_accuracy": 1.0,
  "p_value": 0.013245033112582781,
  "mean_null": 0.3296296296296296,
  "std_null": 0.24085467389465345,
  "n_permutations_run": 150,
  "stopped_early": true
}