,central_carbon,amino_acids,aromatics,proteomics
central_carbon,1.0,0.9105987755283409,0.968866405316349,0.9522480536429316
amino_acids,0.9105987755283409,1.0,0.9264192449221725,0.8546421080497393
aromatics,0.968866405316349,0.9264192449221725,1.0,0.9523298671135879
proteomics,0.9522480536429316,0.8546421080497393,0.9523298671135879,1.0
