{
  "true_accuracy": 1.0,
  "p_value": 0.014925373134328358,
  "mean_null": 0.3244444444444444,
  "std_null": 0.2085694957751522,
  "n_permutations_run": 200,
  "stopped_early": true
}