,central_carbon,amino_acids,aromatics,proteomics
central_carbon,1.0,0.9941855033139353,0.984465753358648,0.9845916239278697
amino_acids,0.9941855033139353,1.0,0.9942439878831496,0.9941423037107204
aromatics,0.984465753358648,0.9942439878831496,1.0,0.9942979215687167
proteomics,0.9845916239278697,0.9941423037107204,0.9942979215687167,1.0
