{
  "true_accuracy": 1.0,
  "p_value": 0.014925373134328358,
  "mean_null": 0.19166666666666665,
  "std_null": 0.19402733039000358,
  "n_permutations_run": 200,
  "stopped_early": true
}