{
  "true_accuracy": 1.0,
  "p_value": 0.013245033112582781,
  "mean_null": 0.28074074074074074,
  "std_null": 0.19016850516490091,
  "n_permutations_run": 150,
  "stopped_early": true
}