{
  "true_accuracy": 1.0,
  "p_value": 0.014925373134328358,
  "mean_null": 0.4355555555555556,
  "std_null": 0.21612753436596438,
  "n_permutations_run": 200,
  "stopped_early": true
}