Feature,Loading
ASP,-0.5034121449485515
VAL,0.4932527747106015
GLN,-0.43769465375398914
GLU,-0.42736834398263196
LEU,0.3592458784666978
