Feature,Loading
GABA,-0.5282163153907167
GLY,-0.4376314591110193
PRO,-0.4362343421643104
ILE,-0.42545202895400924
PHE,-0.3976888229845082
