{
  "true_accuracy": 1.0,
  "p_value": 0.014925373134328358,
  "mean_null": 0.2427777777777778,
  "std_null": 0.1625709721557152,
  "n_permutations_run": 200,
  "stopped_early": true
}