{
  "true_accuracy": 1.0,
  "p_value": 0.014925373134328358,
  "mean_null": 0.31166666666666665,
  "std_null": 0.2324580142629239,
  "n_permutations_run": 200,
  "stopped_early": true
}