{
  "true_accuracy": 1.0,
  "p_value": 0.014925373134328358,
  "mean_null": 0.15833333333333333,
  "std_null": 0.1830595598955045,
  "n_permutations_run": 200,
  "stopped_early": true
}