{
  "true_accuracy": 1.0,
  "p_value": 0.014925373134328358,
  "mean_null": 0.22888888888888892,
  "std_null": 0.16983652270475993,
  "n_permutations_run": 200,
  "stopped_early": true
}