{
  "true_accuracy": 1.0,
  "p_value": 0.014925373134328358,
  "mean_null": 0.23000000000000004,
  "std_null": 0.18375708603116958,
  "n_permutations_run": 200,
  "stopped_early": true
}