Feature,VIP,Important
GABA,1.7093595919293785,True
ASP,1.6314309235113926,True
VAL,1.6064147962459534,True
GLY,1.4157504351687518,True
GLN,1.4150560348881192,True
PRO,1.408639708040691,True
GLU,1.3883031122648493,True
ILE,1.3760101748356415,True
PHE,1.2905681173376586,True
LEU,1.1655900341909065,True
SER,0.0,False
CYS,0.0,False
ASN,0.0,False
TYR,0.0,False
ALA,0.0,False
ARG,0.0,False
THR,0.0,False
HIS,0.0,False
MET,0.0,False
TRP,0.0,False
LYS,0.0,False
