Module,N_Features,Correlation,P_Value,Abs_Correlation
2,270,-0.9486832980505138,9.584590571929182e-05,0.9486832980505138
1,46,0.3162277660168379,0.40708382206558924,0.3162277660168379
